City_ID,City,Lat,Lng,Max Temp,Humidity,Cloudiness,Wind Speed,Country,Date
0,waitangi,-43.9535,-176.5597,18.23,94,93,3.13,NZ,1705661516
1,lerwick,60.1545,-1.1494,3.0,94,100,1.31,GB,1705661371
2,guanica,17.9716,-66.908,25.03,49,11,4.71,PR,1705661517
3,san fernando de monte cristi,19.8667,-71.65,22.04,84,0,4.87,DO,1705661517
4,sur,22.5667,59.5289,25.56,59,12,4.38,OM,1705661518
5,edinburgh of the seven seas,-37.0676,-12.3116,15.88,63,61,7.97,SH,1705661519
6,ambon,-3.6954,128.1814,29.08,12,40,2.06,ID,1705661519
7,kaga bandoro,6.9896,19.1874,37.18,8,0,2.55,CF,1705661520
8,jasper,37.2001,-94.3502,-10.86,68,100,7.2,US,1705661520
9,grytviken,-54.2811,-36.5092,5.69,94,78,1.44,GS,1705661521
10,sitka,57.0531,-135.33,1.94,32,40,2.57,US,1705661492
11,ushuaia,-54.8,-68.3,5.81,81,40,2.06,AR,1705661522
12,hamilton,39.1834,-84.5333,-3.31,90,100,2.68,US,1705661522
13,albany,42.6001,-73.9662,-6.82,88,100,0.92,US,1705661523
14,port-aux-francais,-49.35,70.2167,6.53,80,99,4.62,TF,1705661523
15,hammerfest,70.6634,23.6821,-12.75,85,20,0.51,NO,1705661524
16,suez,29.9737,32.5263,21.34,36,0,3.39,EG,1705661524
17,danilovka,50.3557,44.1168,0.91,98,100,9.3,RU,1705661525
18,thompson,55.7435,-97.8558,-28.91,76,40,0.0,CA,1705661525
19,mount gambier,-37.8333,140.7667,13.88,79,95,2.57,AU,1705661526
20,mount pearl,47.5166,-52.7813,-3.81,69,100,17.49,CA,1705661526
21,antofagasta,-23.65,-70.4,18.6,82,62,0.77,CL,1705661527
22,blackmans bay,-43.0167,147.3167,14.07,76,32,2.3,AU,1705661528
23,terrace,54.5163,-128.6035,-4.88,53,100,10.29,CA,1705661528
24,kailua-kona,19.6406,-155.9956,21.98,54,0,4.12,US,1705661529
25,dasha,23.11,113.4444,24.99,54,6,3.7,CN,1705661530
26,wakkanai,45.4094,141.6739,-11.06,81,80,1.34,JP,1705661531
27,adamstown,-25.066,-130.1015,23.99,77,100,7.24,PN,1705661531
28,labrador city,52.9463,-66.9114,-9.05,79,100,6.69,CA,1705661532
29,olonkinbyen,70.9221,-8.7187,-3.48,51,17,2.5,SJ,1705661532
30,wysokie mazowieckie,52.9166,22.5171,-3.86,89,96,5.44,PL,1705661533
31,longyearbyen,78.2186,15.6401,-18.09,60,0,7.72,SJ,1705661492
32,znamenka,52.4167,41.4311,0.46,99,100,6.75,RU,1705661534
33,papatowai,-46.5619,169.4708,16.28,99,100,0.99,NZ,1705661534
34,bethel,41.3712,-73.414,-3.22,77,20,0.0,US,1705661535
35,ribeira grande,38.5167,-28.7,17.22,94,75,9.77,PT,1705661536
36,iqaluit,63.7506,-68.5145,-16.15,72,0,12.86,CA,1705661536
37,port mathurin,-19.6833,63.4167,27.75,81,41,8.06,MU,1705661537
38,yellowknife,62.456,-114.3525,-16.71,85,100,2.57,CA,1705661537
39,holualoa,19.6228,-155.9522,19.91,54,0,4.12,US,1705661538
40,invercargill,-46.4,168.35,15.01,97,100,0.45,NZ,1705661538
41,vorgashor,67.5833,63.95,-18.65,93,95,3.56,RU,1705661539
42,bohicon,7.1783,2.0667,34.87,28,0,1.16,BJ,1705661539
43,susanville,40.4163,-120.653,1.91,90,20,2.06,US,1705661540
44,klaksvik,62.2266,-6.589,-1.49,56,98,3.25,FO,1705661540
45,souillac,-20.5167,57.5167,30.21,70,40,5.14,MU,1705661541
46,ust-nera,64.5667,143.2,-41.47,99,79,1.39,RU,1705661541
47,wailua homesteads,22.0669,-159.378,22.24,83,0,3.09,US,1705661542
48,albert,50.0009,2.651,1.55,93,100,0.51,FR,1705661543
49,meadow lakes,61.6247,-149.6011,-6.53,54,0,2.06,US,1705661543
50,san agustin de valle fertil,-30.6335,-67.4682,23.83,53,6,0.58,AR,1705661544
51,erenhot,43.6475,111.9767,-13.78,93,100,7.64,CN,1705661544
52,chhota udepur,22.3167,74.0167,27.83,25,0,2.7,IN,1705661545
53,new norfolk,-42.7826,147.0587,14.72,84,23,1.14,AU,1705661545
54,badger,64.8,-147.5333,-16.05,78,100,0.0,US,1705661546
55,qiancheng,27.185,109.7654,4.45,94,100,2.1,CN,1705661546
56,petropavlovsk-kamchatsky,53.0452,158.6483,-5.67,93,75,4.92,RU,1705661547
57,west island,-12.1568,96.8225,28.99,84,100,4.12,CC,1705661547
58,mar del plata,-38.0023,-57.5575,17.75,85,0,3.13,AR,1705661286
59,haiku-pauwela,20.9219,-156.3051,20.58,88,0,3.09,US,1705661548
60,lebu,-37.6167,-73.65,13.22,73,0,9.15,CL,1705661549
61,tolanaro,-25.0319,46.9987,31.04,62,20,7.2,MG,1705661550
62,praia da vitoria,38.7333,-27.0667,16.53,88,75,7.97,PT,1705661550
63,khandyga,62.6667,135.6,-47.52,100,85,0.99,RU,1705661551
64,kutum,14.2,24.6667,23.7,8,29,6.38,SD,1705661551
65,mogocha,53.7333,119.7667,-31.83,98,17,1.43,RU,1705661552
66,bredasdorp,-34.5322,20.0403,30.16,39,3,7.44,ZA,1705661552
67,georgetown,5.4112,100.3354,31.97,65,20,3.6,MY,1705661553
68,college,64.8569,-147.8028,-16.01,78,75,0.0,US,1705661425
69,qoryooley,1.7878,44.53,35.61,33,8,5.38,SO,1705661554
70,itubera,-13.7322,-39.1492,26.54,84,61,1.26,BR,1705661554
71,isafjordur,66.0755,-23.124,-5.98,58,75,8.23,IS,1705661555
72,salgueiro,-8.0742,-39.1192,27.7,59,2,4.67,BR,1705661311
73,colonia menno,-22.3667,-59.8167,31.04,49,24,4.16,PY,1705661556
74,hithadhoo,-0.6,73.0833,28.06,72,14,5.39,MV,1705661556
75,aasiaat,68.7098,-52.8699,-20.44,100,95,2.05,GL,1705661557
76,takoradi,4.8845,-1.7554,29.79,61,3,1.78,GH,1705661557
77,shenjiamen,29.9576,122.298,10.91,94,100,4.7,CN,1705661558
78,kodiak,57.79,-152.4072,-0.27,69,0,4.12,US,1705661559
79,whitehorse,60.7161,-135.0538,-26.57,73,0,1.03,CA,1705661559
80,zhob,31.3411,69.4481,14.65,11,0,3.09,PK,1705661560
81,salinas,36.6777,-121.6555,12.26,88,0,6.69,US,1705661560
82,colmenar viejo,40.6591,-3.7676,5.93,93,75,11.32,ES,1705661561
83,drammen,59.7439,10.2045,-9.37,89,72,0.5,NO,1705661561
84,yuto,-23.6434,-64.4719,27.47,80,99,1.34,AR,1705661562
85,ankang,32.68,109.0172,5.4,67,100,1.6,CN,1705661562
86,fale old settlement,-9.3852,-171.2468,29.46,66,98,6.16,TK,1705661563
87,uliastay,47.7417,96.8444,-24.02,98,98,1.57,MN,1705661563
88,toliara,-23.35,43.6667,30.28,68,100,5.49,MG,1705661564
89,taroa,8.7058,171.2275,26.94,84,100,7.5,MH,1705661564
90,bilibino,68.0546,166.4372,-20.93,95,75,1.55,RU,1705661565
91,puerto ayora,-0.7393,-90.3518,25.31,96,74,2.24,EC,1705661565
92,ta`u,-14.2336,-169.5144,28.33,81,99,5.23,AS,1705661566
93,xilin hot,43.9667,116.0333,-14.06,96,100,4.34,CN,1705661566
94,egersund,58.4513,5.9997,0.77,62,97,5.77,NO,1705661567
95,east london,-33.0153,27.9116,24.52,60,40,8.23,ZA,1705661567
96,el charco,2.4769,-78.1105,24.08,98,100,2.0,CO,1705661568
97,villa gesell,-37.2639,-56.973,17.81,71,13,7.93,AR,1705661299
98,opuwo,-18.0607,13.84,31.77,21,26,3.48,NA,1705661569
99,zheleznogorsk-ilimskiy,56.5768,104.1217,-26.46,100,93,0.89,RU,1705661570
100,darnah,32.767,22.6367,23.71,30,41,3.45,LY,1705661570
101,ahmadpur,18.7,76.9333,30.0,26,0,3.02,IN,1705661571
102,tindouf,27.6711,-8.1474,16.25,11,75,3.6,DZ,1705661571
103,tyre,33.2733,35.1939,22.34,59,12,2.59,LB,1705661572
104,tiksi,71.6872,128.8694,-31.6,97,100,3.72,RU,1705661572
105,sainte-menehould,49.0833,4.9,-1.06,92,67,0.62,FR,1705661573
106,margaret river,-33.95,115.0667,19.39,72,41,5.9,AU,1705661573
107,iskateley,67.6803,53.1512,-14.39,85,100,8.28,RU,1705661574
108,tonj,7.2737,28.6822,34.32,8,5,3.26,SS,1705661575
109,nurmo,62.8287,22.9099,-12.66,89,100,5.66,FI,1705661576
110,tha khanon,9.0302,98.9529,30.9,69,29,3.3,TH,1705661576
111,nguigmi,14.2495,13.1092,26.31,16,59,6.07,NE,1705661577
112,kavaratti,10.5669,72.642,27.95,66,0,2.19,IN,1705661577
113,atafu village,-8.5421,-172.5159,29.29,67,64,6.08,TK,1705661578
114,bowen,-20.0167,148.2333,28.35,80,99,5.15,AU,1705661579
115,dosso,13.049,3.1937,29.79,8,0,6.44,NE,1705661579
116,port lincoln,-34.7333,135.8667,18.14,69,21,2.3,AU,1705661580
117,callao,-12.0667,-77.15,23.18,88,20,1.54,PE,1705661580
118,avarua,-21.2078,-159.775,25.03,88,75,3.09,CK,1705661581
119,happy valley-goose bay,53.3168,-60.3315,-1.83,86,100,4.63,CA,1705661581
120,wanning,18.8003,110.3967,21.81,84,51,2.7,CN,1705661582
121,hermanus,-34.4187,19.2345,30.56,36,4,4.38,ZA,1705661582
122,bereznik,62.8551,42.7072,-9.26,91,100,4.25,RU,1705661583
123,broken hill,-31.95,141.4333,26.56,25,94,4.01,AU,1705661583
124,novyy urengoy,66.0833,76.6333,-18.28,95,64,5.64,RU,1705661584
125,keflavik,64.0049,-22.5624,-5.76,68,100,8.23,IS,1705661584
126,arteche,12.2645,125.4048,25.14,87,68,3.96,PH,1705661585
127,san patricio,28.017,-97.5169,12.92,88,100,5.3,US,1705661585
128,chegdomyn,51.1167,133.0167,-29.52,100,97,0.62,RU,1705661586
129,saipan,15.1355,145.701,26.39,65,75,7.72,MP,1705661587
130,nemuro,43.3236,145.575,-3.65,67,100,7.94,JP,1705661587
131,kiunga,-6.1219,141.2906,25.67,89,78,1.26,PG,1705661588
132,shar'ya,58.3686,45.5144,-2.79,97,100,2.68,RU,1705661588
133,puerto natales,-51.7236,-72.4875,8.25,71,75,9.26,CL,1705661589
134,bratsk,56.1325,101.6142,-20.73,100,88,1.49,RU,1705661589
135,wimauma,27.7125,-82.299,15.92,97,100,1.13,US,1705661590
136,adi keyh,14.8444,39.3772,18.46,52,29,0.62,ER,1705661590
137,manta,-0.95,-80.7333,26.67,78,100,4.92,EC,1705661591
138,puerto quijarro,-17.7833,-57.7667,28.13,66,20,1.37,BO,1705661591
139,udachny,66.4167,112.4,-36.98,99,68,1.86,RU,1705661592
140,dudinka,69.4058,86.1778,-16.85,93,100,10.73,RU,1705661592
141,bridgewater,44.3835,-64.5155,-4.18,67,28,6.17,CA,1705661593
142,tallulah,32.4085,-91.1868,3.03,87,100,3.09,US,1705661594
143,san rafael,-34.6177,-68.3301,20.59,18,0,1.03,AR,1705661431
144,lazaro cardenas,17.9583,-102.2,24.32,68,100,1.13,MX,1705661595
145,tazovsky,67.4667,78.7,-16.95,94,95,5.98,RU,1705661595
146,axim,4.8699,-2.2405,30.57,58,3,1.44,GH,1705661596
147,saint-louis,16.3333,-15.0,21.8,40,100,3.31,SN,1705661596
148,uturoa,-16.7333,-151.4333,27.36,77,57,3.1,PF,1705661597
149,lamar,33.6668,-95.5836,-0.05,67,0,5.66,US,1705661597
150,benguela,-12.5763,13.4055,28.65,58,37,4.14,AO,1705661598
151,metlili chaamba,32.2667,3.6333,19.52,10,0,3.09,DZ,1705661598
152,tura,25.5198,90.2201,19.42,49,26,1.81,IN,1705661599
153,vernon,50.2581,-119.2691,-6.5,83,100,2.57,CA,1705661600
154,rizhao,35.4275,119.4553,1.42,72,100,6.08,CN,1705661601
155,siracusa,37.0881,15.2792,19.77,56,100,5.99,IT,1705661601
156,bezhetsk,57.7851,36.6965,-7.2,87,74,4.81,RU,1705661602
157,yeniseysk,58.4497,92.1703,-23.92,99,90,1.34,RU,1705661602
158,naze,28.3667,129.4833,17.51,82,98,3.14,JP,1705661603
159,nar'yan-mar,67.6713,53.087,-14.32,85,100,8.3,RU,1705661603
160,ravar,31.2656,56.8055,14.96,20,17,3.92,IR,1705661604
161,menongue,-14.6585,17.691,28.89,43,13,1.6,AO,1705661604
162,nangomba,-10.9,38.5,28.44,73,97,1.58,TZ,1705661605
163,rouissat,31.9243,5.3502,20.04,11,75,2.06,DZ,1705661605
164,ujae,8.9322,165.7642,27.25,80,100,10.21,MH,1705661606
165,cumbum,9.7333,77.3,27.87,67,45,2.42,IN,1705661606
166,naracoorte,-36.9579,140.7383,19.26,47,37,2.9,AU,1705661607
167,cabo san lucas,22.8909,-109.9124,17.64,73,0,3.37,MX,1705661607
168,saldanha,-33.0117,17.9442,36.03,44,0,4.15,ZA,1705661608
169,ambatofinandrahana,-20.55,46.8,21.4,60,100,1.61,MG,1705661609
170,sultanah,24.4926,39.5857,22.25,24,0,3.6,SA,1705661609
171,lompoc,34.6391,-120.4579,11.44,94,0,4.12,US,1705661610
172,acarau,-2.8856,-40.12,27.94,73,63,5.64,BR,1705661610
173,al majaridah,19.1236,41.9111,28.1,51,16,3.09,SA,1705661611
174,emerald,-23.5333,148.1667,31.3,57,100,7.69,AU,1705661586
175,arinos,-15.9169,-46.1056,25.54,62,9,0.54,BR,1705661612
176,mizdah,31.4451,12.9801,22.69,11,82,6.72,LY,1705661613
177,la passe,45.5549,-0.8967,2.13,63,70,5.85,FR,1705661613
178,rio gallegos,-51.6226,-69.2181,7.03,76,0,4.12,AR,1705661614
179,san juan de los morros,9.9115,-67.3538,19.49,80,7,1.4,VE,1705661614
180,hawaiian paradise park,19.5933,-154.9731,22.8,97,100,3.09,US,1705661615
181,los alamos,35.8881,-106.307,-0.12,78,0,4.12,US,1705661616
182,daru,-9.0763,143.2092,28.12,80,100,3.03,PG,1705661616
183,freetown,8.484,-13.2299,29.65,58,3,2.24,SL,1705661617
184,mary,37.0,62.5,11.49,51,98,3.91,TM,1705661617
185,aioun,16.6614,-9.6149,28.69,8,1,6.22,MR,1705661618
186,paoua,7.2427,16.4406,33.37,8,1,2.9,CF,1705661618
187,brookings,44.3114,-96.7984,-19.34,73,100,6.69,US,1705661339
188,kerikeri,-35.2268,173.9474,23.28,91,29,0.89,NZ,1705661619
189,kelibia,36.8476,11.0939,18.14,68,0,1.54,TN,1705661620
190,pisco,-13.7,-76.2167,21.03,88,0,1.54,PE,1705661620
191,saint-francois,46.4154,3.9054,-0.2,81,35,1.03,FR,1705661621
192,la plata,-34.9215,-57.9545,21.57,46,4,5.81,AR,1705661340
193,port elizabeth,-33.918,25.5701,24.62,65,20,9.26,ZA,1705661622
194,kapuskasing,49.4169,-82.4331,-26.95,76,0,2.57,CA,1705661622
195,olyokminsk,60.3736,120.4264,-25.01,96,100,1.95,RU,1705661623
196,el golaa,33.4849,9.0068,20.87,16,100,5.84,TN,1705661623
197,pagar alam,-4.0167,103.2667,20.75,98,100,1.44,ID,1705661624
198,san jose del guaviare,2.5729,-72.6459,22.71,84,71,0.84,CO,1705661624
199,santa elena de uairen,4.6167,-61.1333,18.39,86,63,1.6,VE,1705661625
200,murray bridge,-35.1167,139.2667,20.19,60,47,2.7,AU,1705661626
201,palikir - national government center,6.9248,158.1611,27.17,77,81,11.35,FM,1705661626
202,clifton,40.8584,-74.1638,-0.01,71,100,3.6,US,1705661627
203,susuman,62.7833,148.1667,-33.9,98,100,0.45,RU,1705661627
204,anadyr,64.75,177.4833,-7.72,93,100,2.0,RU,1705661628
205,stanley,54.868,-1.6985,3.62,81,20,9.26,GB,1705661628
206,znamensk,48.5842,45.7338,1.16,99,100,7.94,RU,1705661629
207,alofi,-19.0595,-169.9187,26.94,94,75,2.57,NU,1705661630
208,boma,7.0805,-2.1697,34.96,33,7,0.8,GH,1705661630
209,qaqortoq,60.7167,-46.0333,0.07,53,100,6.22,GL,1705661631
210,birnin kudu,11.4459,9.4984,28.13,9,1,4.13,NG,1705661631
211,talnakh,69.4865,88.3972,-17.11,92,100,5.82,RU,1705661632
212,katsuren-haebaru,26.3369,127.8719,24.43,72,100,2.57,JP,1705661632
213,jijel,36.8205,5.7667,21.07,51,100,1.34,DZ,1705661633
214,sakaraha,-22.9,44.5333,29.07,60,100,1.98,MG,1705661633
215,la'ie,21.6477,-157.9253,21.98,82,0,2.7,US,1705661634
216,wuhai,39.6647,106.8122,-5.25,79,83,5.06,CN,1705661634
217,ormara,25.2088,64.6357,23.14,70,7,5.06,PK,1705661635
218,kouango,4.9934,19.9619,37.08,10,4,2.51,CF,1705661636
219,siwa oasis,29.2041,25.5195,23.18,17,3,3.51,EG,1705661636
220,arkhangel'sk,64.5401,40.5433,-10.94,92,40,5.0,RU,1705661637
221,puerto baquerizo moreno,-0.9,-89.6,24.66,90,35,3.72,EC,1705661637
222,bodaybo,57.8506,114.1933,-31.73,100,92,0.85,RU,1705661638
223,novodzhereliyevskaya,45.7737,38.6723,12.86,69,100,8.76,RU,1705661638
224,belyy yar,53.6039,91.3903,-24.06,84,25,0.0,RU,1705661639
225,jamestown,42.097,-79.2353,-5.23,97,100,0.89,US,1705661360
226,mejit,10.2753,170.8646,27.04,77,83,8.19,MH,1705661640
227,yamazakicho-nakabirose,35.0,134.55,9.08,83,99,2.32,JP,1705661641
228,ilulissat,69.2167,-51.1,-9.99,73,75,2.06,GL,1705661641
229,hilo,19.7297,-155.09,22.92,98,100,3.09,US,1705661642
230,krasnoyarsk,56.0097,92.7917,-21.31,100,66,1.0,RU,1705661642
231,turpan,42.9333,89.1667,0.76,69,22,1.62,CN,1705661643
232,taoudenni,22.6783,-3.9836,26.59,6,10,3.44,ML,1705661644
233,sao vicente,-23.9631,-46.3919,28.48,26,100,1.7,BR,1705661644
234,tralee,52.2704,-9.7026,0.14,80,0,2.06,IE,1705661645
235,wagar,16.1525,36.2032,29.79,22,4,4.04,SD,1705661645
236,cruzeiro do sul,-29.5128,-51.9853,26.38,88,12,1.18,BR,1705661646
237,vila franca do campo,37.7167,-25.4333,18.27,99,75,3.87,PT,1705661647
238,altai,46.3722,96.2583,-24.67,96,96,2.8,MN,1705661647
239,tuineje,28.3237,-14.0472,20.88,56,1,8.49,ES,1705661648
240,soure,-0.7167,-48.5233,27.75,77,32,4.23,BR,1705661648
241,tazacorte,28.629,-17.9293,19.54,72,20,4.12,ES,1705661649
242,xinyuan,37.3,99.0,-9.37,15,5,11.88,CN,1705661649
243,kununurra,-15.7667,128.7333,29.99,79,100,2.57,AU,1705661650
244,ytrebygda,60.305,5.2824,1.41,92,75,6.69,NO,1705661650
245,bandar lampung,-5.4254,105.258,23.59,97,100,1.0,ID,1705661651
246,magadan,59.5667,150.8,-15.16,92,100,1.41,RU,1705661652
247,kotido,2.9806,34.1331,29.19,29,96,1.95,UG,1705661652
248,vilyuysk,63.7553,121.6247,-40.89,100,93,1.64,RU,1705661653
249,dunedin,-45.8742,170.5036,16.56,77,100,2.08,NZ,1705661653
250,caleta de carquin,-11.0925,-77.6267,21.99,90,96,2.96,PE,1705661654
251,pasighat,28.0667,95.3333,16.99,58,0,0.73,IN,1705661654
252,vilyuchinsk,52.9306,158.4028,-4.85,95,100,3.28,RU,1705661655
253,tomatlan,19.9333,-105.25,20.95,63,100,0.7,MX,1705661655
254,kapa'a,22.0752,-159.319,22.99,83,0,3.09,US,1705661656
255,sovetskiy,61.3614,63.5842,-16.36,92,41,4.51,RU,1705661656
256,gbarnga,6.9956,-9.4722,32.48,46,25,1.02,LR,1705661657
257,nova sintra,14.8667,-24.7167,19.73,65,97,10.45,CV,1705661657
258,minas de marcona,-15.2119,-75.1103,17.7,95,100,3.74,PE,1705661658
259,mount isa,-20.7333,139.5,26.87,89,75,4.12,AU,1705661658
260,lincoln,40.8,-96.667,-18.74,78,32,2.24,US,1705661614
261,akureyri,65.6835,-18.0878,-14.04,78,75,4.63,IS,1705661660
262,suncho corral,-27.9336,-63.4294,26.43,58,64,3.22,AR,1705661660
263,sausset-les-pins,43.3314,5.1043,5.13,65,0,12.35,FR,1705661661
264,punta arenas,-53.15,-70.9167,8.06,71,0,8.23,CL,1705661479
265,ernee,48.2976,-0.9314,0.75,67,3,1.97,FR,1705661662
266,sinabang,2.4803,96.3801,27.85,78,100,1.73,ID,1705661662
267,namsos,64.4662,11.4957,-13.97,78,0,6.69,NO,1705661663
268,pimentel,-6.8367,-79.9342,23.16,78,75,4.63,PE,1705661663
269,barcelos,41.5388,-8.6151,13.29,75,93,1.75,PT,1705661664
270,antonio enes,-16.2325,39.9086,31.55,56,89,6.68,MZ,1705661665
271,bengkulu,-3.8004,102.2655,24.44,94,100,2.7,ID,1705661665
272,portland,45.5234,-122.6762,2.57,86,40,2.24,US,1705661590
273,narnaul,28.0444,76.1083,20.18,32,1,2.62,IN,1705661666
274,whangarei,-35.7317,174.3239,21.03,95,64,2.21,NZ,1705661667
275,labytnangi,66.6572,66.4183,-27.11,100,98,0.98,RU,1705661668
276,walvis bay,-22.9575,14.5053,22.08,66,2,5.1,NA,1705661669
277,hakui,36.8833,136.7833,8.78,69,84,4.86,JP,1705661669
278,lagarto,-10.9172,-37.65,28.58,63,41,3.65,BR,1705661670
279,al jawf,29.5,38.75,17.89,27,73,2.69,SA,1705661670
280,carnarvon,-24.8667,113.6333,24.64,72,4,11.24,AU,1705661671
281,margate,51.3813,1.3862,3.26,77,6,1.79,GB,1705661671
282,tucuma,-0.1833,-50.05,25.65,91,49,2.34,BR,1705661672
283,presque isle,46.6811,-68.0159,-15.95,75,0,3.09,US,1705661672
284,mammoth lakes,37.6485,-118.9721,0.75,47,75,0.0,US,1705661673
285,weno,7.4515,151.8468,27.97,78,75,6.69,FM,1705661673
286,pacific grove,36.6177,-121.9166,12.03,90,0,1.54,US,1705661674
287,lovington,32.944,-103.3485,-5.53,65,8,8.09,US,1705661674
288,guerrero negro,27.9769,-114.0611,14.74,89,75,2.71,MX,1705661675
289,nishinoomote,30.7333,131.0,17.17,84,100,11.19,JP,1705661676
290,posto fiscal rolim de moura,-13.0833,-62.2667,24.32,93,99,0.83,BR,1705661676
291,sekong,-6.3996,106.0252,23.44,97,100,2.96,ID,1705661677
292,cimitarra,6.3142,-73.9497,23.37,82,31,0.8,CO,1705661677
293,red hill,33.9996,-79.2581,9.44,42,59,4.35,US,1705661559
294,hailin,44.5833,129.4167,-20.22,94,9,1.17,CN,1705661678
295,grootfontein,-19.5667,18.1167,27.76,44,20,2.57,NA,1705661679
296,birjand,32.8663,59.2211,16.26,14,40,6.17,IR,1705661679
297,bridport,50.7338,-2.7583,5.31,68,5,1.68,GB,1705661680
298,greenville,35.6127,-77.3663,7.09,92,100,0.45,US,1705661547
299,noumea,-22.2763,166.4572,25.99,86,41,2.03,NC,1705661110
300,timmins,48.4669,-81.3331,-26.1,76,100,2.57,CA,1705661682
301,mirnyy,62.5353,113.9611,-39.36,100,35,1.9,RU,1705661683
302,bima,-8.4667,118.7167,26.35,89,100,1.45,ID,1705661683
303,kharp,66.8014,65.8081,-25.38,100,74,0.76,RU,1705661684
304,orange walk,17.8333,-88.8333,22.32,99,66,0.34,BZ,1705661684
305,hadibu,12.65,54.0333,26.39,59,0,5.26,YE,1705661685
306,woolgoolga,-30.1106,153.2007,23.36,76,0,3.65,AU,1705661685
307,bukama,-9.2,25.85,29.12,63,37,1.44,CD,1705661686
308,tahe,52.3333,124.7333,-28.97,97,21,1.58,CN,1705661686
309,jiujiang,29.7333,115.9833,7.64,90,100,4.77,CN,1705661687
310,kirakira,-10.4544,161.9205,27.6,86,100,2.56,SB,1705661688
311,naharlagun,27.1047,93.6952,20.53,50,1,0.19,IN,1705661688
312,coquimbo,-29.9533,-71.3436,15.85,94,100,1.03,CL,1705661689
313,kralendijk,12.15,-68.2667,26.99,78,40,8.23,BQ,1705661689
314,port alfred,-33.5906,26.891,23.99,69,29,4.92,ZA,1705661690
315,ban selaphum,16.0167,103.95,32.01,32,84,2.05,TH,1705661691
316,erdenet,49.0333,104.0833,-19.51,97,100,1.82,MN,1705661691
317,kyshtovka,56.555,76.6271,-13.14,85,100,2.68,RU,1705661692
318,cabedelo,-6.9811,-34.8339,27.37,72,12,4.35,BR,1705661692
319,gadzhiyevo,69.2551,33.3362,-11.69,91,98,1.95,RU,1705661693
320,saint-philippe,-21.3585,55.7679,29.77,81,100,3.31,RE,1705661693
321,eyl,7.9803,49.8164,28.81,48,11,10.22,SO,1705661694
322,umba,66.6871,34.3429,-12.89,93,100,3.72,RU,1705661694
323,tejupilco de hidalgo,18.9,-100.15,19.25,45,97,1.87,MX,1705661695
324,knyaze-volkonskoye,48.4642,135.4567,-18.81,98,29,2.5,RU,1705661696
325,thinadhoo,0.5333,72.9333,27.73,72,7,4.89,MV,1705661697
326,vadso,70.0744,29.7487,-7.91,73,20,7.72,NO,1705661697
327,vanino,49.0869,140.2543,-20.04,99,63,1.52,RU,1705661698
328,knin,44.0439,16.2,7.85,87,100,5.18,HR,1705661698
329,pemangkat,1.1667,108.9667,25.96,88,100,3.8,ID,1705661699
330,afaahiti,-17.75,-149.2833,24.93,77,63,1.98,PF,1705661699
331,polyarnyy,69.1989,33.4478,-11.62,89,98,1.94,RU,1705661700
332,ningbo,29.8782,121.5495,9.99,100,100,2.0,CN,1705661700
333,puro,12.4841,123.3827,25.74,82,14,4.89,PH,1705661701
334,st. john's,47.5649,-52.7093,-3.35,68,100,17.49,CA,1705661507
335,reggane,26.7158,0.1714,25.01,6,74,3.59,DZ,1705661702
336,ixtapa,20.7,-105.2,20.13,85,100,0.93,MX,1705661702
337,anloga,5.7947,0.8973,28.87,65,0,2.66,GH,1705661703
338,bamboo flat,11.7,92.7167,29.05,70,20,5.14,IN,1705661703
339,ugoofaaru,5.6667,73.0,27.34,76,0,6.27,MV,1705661704
340,harper,4.375,-7.7169,29.32,65,3,2.82,LR,1705661704
341,vorkuta,67.5,64.0,-18.79,93,94,3.12,RU,1705661705
342,el granada,37.5027,-122.4694,12.4,90,40,2.06,US,1705661706
343,raseiniai,55.3736,23.1217,-2.27,91,63,7.43,LT,1705661706
344,selfoss,63.9331,-20.9971,-9.23,75,100,5.71,IS,1705661707
345,fort mcmurray,56.7268,-111.381,-23.23,77,0,3.09,CA,1705661707
346,twon-brass,4.3151,6.2418,29.29,67,5,2.89,NG,1705661708
347,san pedro pochutla,15.7333,-96.4667,22.22,67,5,1.47,MX,1705661708
348,nanao,37.05,136.9667,7.93,67,86,5.27,JP,1705661709
349,russellville,35.2784,-93.1338,0.08,64,0,5.14,US,1705661709
350,mana,5.6592,-53.7767,26.12,79,4,4.96,GF,1705661710
351,yaren,-0.5472,166.916,29.26,73,66,3.45,NR,1705661710
352,tame,6.461,-71.73,23.32,55,21,2.03,CO,1705661711
353,linkou,45.3,130.2833,-22.24,98,18,0.73,CN,1705661711
354,collinsville,38.6703,-89.9846,-8.86,83,100,9.39,US,1705661712
355,digapahandi,19.3667,84.5833,25.24,60,51,4.01,IN,1705661712
356,muroto-misakicho,33.2833,134.15,13.38,71,88,7.64,JP,1705661713
357,mossel bay,-34.1831,22.146,26.96,63,0,6.99,ZA,1705661714
358,mareeba,-17.0,145.4333,23.4,97,100,1.16,AU,1705661714
359,conduaga,8.862,117.4893,27.09,77,71,1.39,PH,1705661715
360,nuku'alofa,-21.1333,-175.2,26.19,94,75,1.54,TO,1705661715
361,alice springs,-23.7,133.8833,33.75,44,100,3.58,AU,1705661716
362,gisborne,-38.6533,178.0042,19.06,88,42,2.64,NZ,1705661716
363,carangola,-20.7331,-42.0294,24.06,85,87,2.19,BR,1705661717
364,lucea,18.451,-78.1736,25.92,82,2,3.56,JM,1705661717
365,kuanda,56.3161,116.0806,-32.03,93,37,0.66,RU,1705661718
366,al muwayh,22.4333,41.7583,24.07,29,12,7.1,SA,1705661718
367,mugia,43.1041,-9.2179,11.62,69,67,11.29,ES,1705661719
368,delano,35.7688,-119.247,10.74,100,0,2.06,US,1705661719
369,suay,10.0631,122.8553,26.27,82,41,2.96,PH,1705661720
370,beau vallon,-20.4189,57.6953,30.13,70,40,5.14,MU,1705661721
371,san fernando de apure,7.8878,-67.4724,25.13,64,11,3.87,VE,1705661721
372,estes park,40.3772,-105.5217,-11.25,85,69,3.54,US,1705661698
373,laguna,38.421,-121.4238,10.65,92,0,0.45,US,1705661722
374,utrik,11.2278,169.8474,26.68,80,98,10.27,MH,1705661723
375,newport,51.5877,-2.9984,5.1,80,5,3.21,GB,1705661663
376,katsuura,35.1333,140.3,11.09,66,94,8.48,JP,1705661724
377,okha,53.5739,142.9478,-29.71,93,18,3.05,RU,1705661724
378,kourou,5.1552,-52.6478,25.03,83,7,4.33,GF,1705661725
379,i-n-salah,27.1935,2.4607,25.48,5,100,2.68,DZ,1705661725
380,eydhafushi,5.1033,73.0708,27.26,74,0,6.15,MV,1705661726
381,bull savanna,17.8868,-77.5902,22.62,81,0,3.84,JM,1705661726
382,richards bay,-28.783,32.0377,23.95,68,55,6.66,ZA,1705661727
383,princeville,45.7668,-61.2985,-6.99,68,0,9.26,CA,1705661727
384,makedonski brod,41.5136,21.2153,14.26,56,36,2.95,MK,1705661728
385,marsh harbour,26.5412,-77.0636,23.3,89,100,5.17,BS,1705661728
386,smara,26.7384,-11.6719,20.64,63,100,7.74,EH,1705661729
387,wajir,1.7471,40.0573,34.98,46,20,2.57,KE,1705661730
388,deschutes river woods,43.9915,-121.3584,-8.1,92,100,0.0,US,1705661731
389,thatta,24.7475,67.9235,27.68,17,0,2.46,PK,1705661731
390,sorong,-0.8833,131.25,27.73,81,30,4.27,ID,1705661732
391,remire-montjoly,4.9167,-52.2667,25.02,88,20,0.0,GF,1705661732
392,brisas de zicatela,15.8369,-97.0419,24.62,66,17,1.86,MX,1705661733
393,waddan,29.1614,16.139,26.06,7,27,3.11,LY,1705661733
394,itaueira,-7.6033,-43.0256,25.58,56,88,1.25,BR,1705661734
395,irymple,-34.25,142.1667,25.17,24,32,1.34,AU,1705661734
396,casas grandes,30.3667,-107.95,9.04,36,0,2.28,MX,1705661735
397,karratha,-20.7377,116.8463,28.99,60,22,7.04,AU,1705661735
398,turbo,8.0937,-76.7269,26.27,91,99,3.22,CO,1705661736
399,lihue,21.9789,-159.3672,22.58,83,0,3.09,US,1705661736
400,bouake,7.6895,-5.0218,24.06,94,100,3.09,CI,1705661737
401,el alto,-4.2714,-81.2147,22.96,80,67,5.59,PE,1705661737
402,socorro,31.6546,-106.3033,12.28,45,0,0.0,US,1705661738
403,rongelap,11.1635,166.8941,26.28,76,47,10.87,MH,1705661739
404,baturaja,-4.1333,104.1667,23.32,98,100,1.16,ID,1705661739
405,dryden,49.7833,-92.7503,-27.84,76,20,2.06,CA,1705661740
406,chernushka,56.5072,56.0766,-9.12,82,100,9.42,RU,1705661740
407,nantucket,41.2835,-70.0995,-0.94,64,75,2.06,US,1705661741
408,zouerate,22.7187,-12.4521,25.96,7,92,4.17,MR,1705661741
409,touros,-5.1989,-35.4608,29.0,63,7,5.22,BR,1705661742
410,crane,31.3974,-102.3501,1.51,70,4,11.77,US,1705661742
411,changji,44.0167,87.3167,-13.56,85,40,2.0,CN,1705661743
412,gebeit,21.0667,36.3167,24.25,25,0,3.54,SD,1705661743
413,whakatane,-37.9585,176.9854,23.06,91,94,4.02,NZ,1705661744
414,dakhla,23.6848,-15.958,20.01,88,40,8.23,EH,1705661744
415,al burayqah,30.4062,19.5739,21.85,33,13,5.23,LY,1705661745
416,kristiansund,63.1115,7.732,-2.64,86,75,2.06,NO,1705661745
417,yuzhno-kurilsk,44.0306,145.8556,-4.79,74,80,8.2,RU,1705661746
418,changde,29.0464,111.6783,2.37,97,100,2.41,CN,1705661746
419,berwick-upon-tweed,55.7833,-2.0,3.89,76,100,12.17,GB,1705661747
420,thunder bay,48.4001,-89.3168,-22.01,71,75,2.57,CA,1705661605
421,chulakkurgan,43.765,69.1814,-5.18,86,54,3.62,KZ,1705661748
422,turmalina,-17.2856,-42.73,23.85,62,21,1.23,BR,1705661749
423,kismayo,-0.3582,42.5454,29.94,68,21,8.47,SO,1705661749
424,nanning,22.8167,108.3167,23.25,73,84,4.48,CN,1705661750
425,enewetak,11.3474,162.3373,25.94,73,66,11.07,MH,1705661750
426,hasaki,35.7333,140.8333,8.22,59,100,8.48,JP,1705661751
427,gulf shores,30.246,-87.7008,15.04,79,100,5.14,US,1705661752
428,yen bai,21.7,104.8667,22.37,81,88,0.78,VN,1705661753
429,sisimiut,66.9395,-53.6735,-15.65,85,15,4.35,GL,1705661753
430,kiama,-34.6833,150.8667,22.78,76,94,0.89,AU,1705661754
431,jevargi,17.0167,76.7667,31.19,30,1,2.53,IN,1705661754
432,zeya,53.75,127.2667,-32.26,93,7,2.05,RU,1705661755
433,kingston,17.997,-76.7936,25.53,89,20,2.57,JM,1705661606
434,al hufuf,25.3646,49.5653,22.19,24,0,5.66,SA,1705661756
435,lorengau,-2.0226,147.2712,28.21,80,100,5.29,PG,1705661756
436,balod,20.73,81.2047,24.8,46,69,2.98,IN,1705661757
437,nova xavantina,-14.6667,-52.35,24.53,85,50,1.02,BR,1705661758
438,taoyuan city,24.9937,121.297,21.07,83,75,5.66,TW,1705661758
439,at taj,24.2049,23.2857,22.59,14,0,1.21,LY,1705661759
440,khovd,48.0056,91.6419,-16.18,92,45,1.27,MN,1705661759
441,fougamou,-1.2154,10.5838,32.64,56,17,1.41,GA,1705661760
442,labuan,5.2767,115.2417,28.2,78,20,4.63,MY,1705661760
443,mazagao,-0.115,-51.2894,24.03,95,53,2.07,BR,1705661761
444,smithers,54.7804,-127.1743,-10.82,57,100,5.14,CA,1705661761
445,dalandzadgad,43.5708,104.425,-16.26,94,100,6.49,MN,1705661762
446,ola,59.5833,151.2833,-16.49,89,100,1.47,RU,1705661762
447,cannonvale,-20.2833,148.7,28.66,83,92,4.14,AU,1705661763
448,lyubotyn,49.95,35.9667,2.39,100,100,2.26,UA,1705661763
449,constantia,44.1833,28.65,13.38,69,64,6.13,RO,1705661764
450,barra de santo antonio,-9.4047,-35.5072,28.6,74,37,4.25,BR,1705661764
451,manokwari,-0.8667,134.0833,26.94,82,91,3.91,ID,1705661765
452,byron bay,-28.65,153.6167,25.95,92,100,2.49,AU,1705661766
453,maumere,-8.6199,122.2111,27.46,83,100,2.65,ID,1705661766
454,chonchi,-42.6128,-73.8092,12.29,89,56,0.85,CL,1705661767
455,christchurch,-43.5333,172.6333,26.06,45,100,5.66,NZ,1705661363
456,nea alikarnassos,35.3333,25.1667,22.49,42,40,7.2,GR,1705661768
457,nagqu,31.5,92.0,-9.53,41,75,2.42,CN,1705661768
458,marsabit,2.3284,37.9899,29.0,31,40,1.7,KE,1705661769
459,saynshand,44.8824,110.1163,-14.76,95,100,6.57,MN,1705661769
460,alo,7.4178,6.7371,35.22,10,0,1.61,NG,1705661770
461,kataysk,56.289,62.5841,-14.92,93,55,3.44,RU,1705661770
462,lata,40.1629,-8.3327,12.82,87,100,4.08,PT,1705661771
463,igarka,67.4667,86.5833,-16.89,93,100,8.47,RU,1705661666
464,barguzin,53.6167,109.6167,-23.22,96,97,1.17,RU,1705661772
465,zlatoust,55.1711,59.6508,-11.43,79,66,2.24,RU,1705661772
466,price,39.5994,-110.8107,-1.41,69,0,0.0,US,1705661774
467,huron,41.1501,-82.5499,-4.3,91,100,4.48,US,1705661774
468,baikonur,45.6167,63.3167,-4.29,71,6,3.92,KZ,1705661775
469,port augusta,-32.5,137.7667,28.9,19,1,1.81,AU,1705661775
470,natitingou,10.3042,1.3796,31.9,8,0,2.38,BJ,1705661776
471,kayangel,8.0823,134.7173,28.16,78,100,10.6,PW,1705661776
472,necochea,-38.5473,-58.7368,19.21,65,0,5.25,AR,1705661777
473,camabatela,-8.1881,15.375,27.4,45,2,2.05,AO,1705661777
474,barbacoas,1.6715,-78.1398,24.26,96,100,0.67,CO,1705661778
475,cromwell,41.5951,-72.6454,-2.75,82,0,2.57,US,1705661778
476,maputo,-25.9653,32.5892,22.82,73,75,7.72,MZ,1705661779
477,kibre mengist,5.8833,38.9833,24.55,42,62,3.67,ET,1705661779
478,springbok,-29.6643,17.8865,33.58,12,0,0.66,ZA,1705661780
479,fuding,27.3273,120.214,15.01,84,99,0.78,CN,1705661781
480,prince rupert,54.3161,-130.3201,2.83,86,100,2.57,CA,1705661781
481,hongjiang,27.11,109.9956,5.73,95,100,1.75,CN,1705661782
482,bubaque,11.2833,-15.8333,25.05,70,26,3.78,GW,1705661782
483,chardara,41.2547,67.9692,5.41,51,98,5.77,KZ,1705661783
484,mumford,5.2618,-0.759,29.0,65,1,3.22,GH,1705661783
485,mundri,-6.9558,111.71,25.65,87,100,1.49,ID,1705661784
486,kambarka,56.2694,54.2062,-8.53,86,100,8.96,RU,1705661784
487,hami,42.8,93.45,-5.85,83,62,1.99,CN,1705661785
488,queenstown,-31.8976,26.8753,24.38,41,22,2.7,ZA,1705661785
489,urumqi,43.801,87.6005,-15.47,85,40,2.0,CN,1705661602
490,vinzili,56.9594,65.7708,-16.83,97,20,1.67,RU,1705661786
491,titao,13.7667,-2.0667,29.93,9,15,5.45,BF,1705661787
492,el burgo de osma,41.5862,-3.0652,3.02,95,100,5.54,ES,1705661602
493,inhambane,-23.865,35.3833,30.0,62,40,7.2,MZ,1705661788
494,kasempa,-13.4584,25.8338,22.31,85,100,4.53,ZM,1705661788
495,bikenibeu village,1.3673,173.1241,29.98,74,20,5.14,KI,1705661789
496,fortuna,40.5982,-124.1573,15.51,49,0,7.72,US,1705661789
497,muravlenko,63.7898,74.523,-18.16,97,67,5.5,RU,1705661790
498,mangrol,21.1167,70.1167,27.52,33,0,4.24,IN,1705661791
499,morinville,53.8001,-113.652,-24.23,80,0,0.0,CA,1705661791
500,kruisfontein,-34.0033,24.7314,28.4,31,0,9.66,ZA,1705661792
501,jalai nur,49.45,117.7,-29.94,99,87,1.69,CN,1705661793
502,niamey,13.5137,2.1098,28.16,9,0,7.2,NE,1705661794
503,mantua,45.1667,10.7833,9.08,84,100,6.8,IT,1705661794
504,chumphon,10.3333,98.8333,26.0,59,53,2.16,TH,1705661795
505,nanlong,31.3533,106.0631,10.52,75,100,1.93,CN,1705661796
506,tofol,5.3248,163.0078,27.6,80,100,9.17,FM,1705661796
507,papao,-17.75,-149.55,25.82,72,77,0.84,PF,1705661797
508,palmer,42.1584,-72.3287,-3.6,74,99,0.52,US,1705661797
509,yanggu,36.1106,115.7753,-0.95,65,89,5.4,CN,1705661798
510,gorontalo,0.5412,123.0595,25.45,90,69,1.87,ID,1705661799
511,mahajanga,-15.7167,46.3167,29.01,84,75,3.6,MG,1705661799
512,nova vicosa,-17.8919,-39.3719,27.47,71,71,4.06,BR,1705661539
513,astrakhan,46.3497,48.0408,-0.07,100,100,7.0,RU,1705661800
514,nassau,40.7507,-73.5829,0.38,69,100,0.0,US,1705661801
515,ghadamis,30.1337,9.5007,23.68,7,100,3.63,LY,1705661802
516,sierpc,52.8568,19.6691,-2.25,88,43,7.02,PL,1705661803
517,bonga,7.2833,36.2333,23.87,54,89,1.35,ET,1705661803
518,fort st. john,56.2499,-120.8529,-20.06,77,75,3.09,CA,1705661667
519,lensk,60.7253,114.9278,-33.72,100,78,1.51,RU,1705661804
520,pinhal novo,38.6311,-8.9138,14.0,94,40,5.66,PT,1705661805
521,mlonggo,-6.5333,110.7,26.55,83,99,3.35,ID,1705661805
522,scone,56.4194,-3.4051,4.39,84,90,2.68,GB,1705661806
523,linjiang,41.8069,126.9078,-12.58,94,91,1.47,CN,1705661806
524,kirensk,57.7853,108.1119,-30.79,100,75,0.25,RU,1705661807
525,severnoye,56.3491,78.3619,-15.01,83,100,3.13,RU,1705661807
526,saint-pierre,-21.3393,55.4781,29.82,74,75,7.2,RE,1705661629
527,luanshya,-13.1367,28.4166,24.06,74,100,4.52,ZM,1705661808
528,mandalgovi,45.7625,106.2708,-16.04,96,100,4.75,MN,1705661809
529,kitimat,54.0524,-128.6534,-4.49,66,100,3.13,CA,1705661809
530,tsiombe,-25.3,45.4833,29.08,58,97,5.77,MG,1705661810
531,jwaneng,-24.6004,24.7303,27.45,31,7,3.04,BW,1705661810
532,klyuchi,52.2667,79.1667,-13.66,84,100,4.01,RU,1705661811
533,ancud,-41.8697,-73.8203,11.23,82,3,1.5,CL,1705661812
534,usogorsk,63.4106,48.6872,-14.07,88,100,5.19,RU,1705661812
535,chibougamau,49.9168,-74.3659,-26.21,76,100,2.06,CA,1705661813
536,sault ste. marie,46.5168,-84.3333,-16.69,65,40,4.63,CA,1705661544
537,kita,13.0349,-9.4895,31.94,6,0,2.48,ML,1705661814
538,singkil,-7.9855,111.4161,25.14,88,100,2.32,ID,1705661814
539,puerto berrio,6.4916,-74.4033,22.94,97,16,0.77,CO,1705661815
540,dimitrovgrad,54.2139,49.6184,-2.19,74,100,9.51,RU,1705661815
541,glace bay,46.1969,-59.957,-6.79,68,75,13.89,CA,1705661816
542,san antonio de pale,-1.4014,5.6325,27.37,81,38,3.94,GQ,1705661816
543,qujing,25.4833,103.7833,10.8,44,6,3.82,CN,1705661817
544,kudahuvadhoo,2.6708,72.8944,27.45,67,8,4.76,MV,1705661817
545,alta,69.9689,23.2717,-25.41,84,20,2.06,NO,1705661818
546,karapinar,37.716,33.5506,11.58,63,100,7.15,TR,1705661818
547,murzuq,25.9155,13.9184,23.79,9,93,2.73,LY,1705661819
548,kilinochchi,9.3961,80.3982,28.13,70,28,4.11,LK,1705661819
549,sarangani,5.4033,125.4636,27.9,81,7,9.23,PH,1705661820
550,eldorado,-23.7869,-54.2836,25.53,79,98,2.56,BR,1705661821
551,kone,-21.0595,164.8658,26.72,86,62,1.01,NC,1705661821
552,qinhuangdao,39.9317,119.5883,-3.81,30,100,7.09,CN,1705661822
553,aldinga beach,-35.2793,138.4604,24.86,50,41,2.74,AU,1705661650
554,cockburn town,21.4612,-71.1419,25.61,81,6,7.57,TC,1705661823
555,phayakkhaphum phisai,15.5163,103.1937,32.29,31,94,1.38,TH,1705661824
556,ayabaca,-4.6398,-79.7149,11.33,87,91,1.97,PE,1705661824
557,copala,16.65,-98.9833,25.12,60,94,0.9,MX,1705661825
558,mahanje,-9.9333,35.3333,27.26,64,94,0.58,TZ,1705661825
559,aitape,-3.1374,142.3475,26.67,90,100,2.41,PG,1705661826
560,kithor,28.8667,77.9333,20.43,33,10,1.34,IN,1705661826
561,sigaboy,6.6541,126.0727,27.15,78,47,1.81,PH,1705661827
562,trail,49.0998,-117.7022,-6.84,92,99,1.43,CA,1705661827
563,sanarate,14.795,-90.1922,18.42,97,12,0.48,GT,1705661828
564,arno,60.1167,18.6333,-9.01,86,57,3.17,SE,1705661828
565,maine soroa,13.2114,12.0241,28.35,13,55,6.34,NE,1705661829
566,benesov,49.7816,14.687,-0.26,78,78,4.11,CZ,1705661829
567,zambezi,-13.5432,23.1047,26.41,61,92,2.59,ZM,1705661830
568,kiruna,67.8557,20.2251,-25.49,77,0,0.51,SE,1705661831
569,reyes,-14.3167,-67.3833,24.48,92,100,0.9,BO,1705661832
570,rugaji,57.0,27.1333,-3.81,90,37,4.59,LV,1705661832
571,aleg,17.0481,-13.9209,27.77,10,89,2.94,MR,1705661833
572,valga,57.7778,26.0473,-3.33,87,74,1.34,EE,1705661833
573,juneau,58.3019,-134.4197,-8.0,73,40,1.54,US,1705661667
574,ceelbuur,4.685,46.6176,35.15,22,47,8.99,SO,1705661834
575,dinhata,26.1333,89.4667,22.84,37,1,0.22,IN,1705661835
576,flying fish cove,-10.4217,105.6791,27.82,78,40,3.09,CX,1705661835
577,beloyarskiy,63.7119,66.6722,-17.22,94,12,3.13,RU,1705661836
578,galesong,-5.3166,119.3661,29.01,82,92,5.9,ID,1705661836
